﻿Designator,Footprint,Quantity,Value,LCSC Part #
"D112, D115, D5001, D5002, D5003, D5004, D5005, D5006, D5007, D5008, D5009, D5010, D5011, D5012, D5013, D5014, D5015, D5016, D5017, D5018, D5031, D5032, D5033, D5034, D5035, D5036, D5037, D5038, D5039, D5040, D5041, D5042, D5043, D5044, D5045, D5046",D_SOD-123,36,D,
"H101, H102, H104, H105, H106, H107, H108, H5001, H5002, H5003, H5004, H5005, H5006, H5007",MountingHole_3mm_Pad_Via,14,NA_M4,
"H111, H5008",Tenting_Puck,2,NA_Mount,
"J5001, J5011",battery_connector_THT,2,BATTERY_CONN_DEANS,
"PSW5001, PSW5002",Switch_MSK-12C01-07,2,SW_DPDT_x2,C431540
"SW101, SW102, SW103, SW104, SW105, SW106, SW107, SW108, SW109, SW112, SW113, SW114, SW115, SW116, SW117, SW118, SW119, SW3001, SW5002, SW5003, SW5004, SW5005, SW5006, SW5007, SW5008, SW5009, SW5010, SW5011, SW5012, SW5013, SW5014, SW5015, SW5016, SW5017, SW5018, SW5019",SW_MX_choc,36,NA_SW_Push,
"SW5021, SW5022",PushSwitch,2,SW_SPST,
"U5001, U5007",Sparkfun_Pro_Micro,2,eliteC,
